"id","country_id:id","state_id:id","code","name","name@es_419"
"res_locality_mx_coa_03","base.mx","base.state_mx_coah","03","Matamoros","Matamoros"
"res_locality_mx_coa_04","base.mx","base.state_mx_coah","04","Monclova","Monclova"
"res_locality_mx_coa_05","base.mx","base.state_mx_coah","05","Parras de la Fuente","Parras de la Fuente"
"res_locality_mx_coa_06","base.mx","base.state_mx_coah","06","Piedras Negras","Piedras Negras"
"res_locality_mx_coa_07","base.mx","base.state_mx_coah","07","Sabinas","Sabinas"
"res_locality_mx_coa_08","base.mx","base.state_mx_coah","08","Saltillo","Saltillo"
"res_locality_mx_coa_09","base.mx","base.state_mx_coah","09","Nueva Rosita","Nueva Rosita"
"res_locality_mx_coa_10","base.mx","base.state_mx_coah","10","San Pedro","San Pedro"
"res_locality_mx_coa_11","base.mx","base.state_mx_coah","11","Torreón","Torreón"
"res_locality_mx_coa_12","base.mx","base.state_mx_coah","12","Castaños","Castaños"
"res_locality_mx_coa_13","base.mx","base.state_mx_coah","13","Francisco I. Madero (Chávez)","Francisco I. Madero (Chávez)"
"res_locality_mx_coa_14","base.mx","base.state_mx_coah","14","Cuatro Ciénegas de Carranza","Cuatro Ciénegas de Carranza"
"res_locality_mx_coa_15","base.mx","base.state_mx_coah","15","Nadadores","Nadadores"
"res_locality_mx_coa_16","base.mx","base.state_mx_coah","16","Ramos Arizpe","Ramos Arizpe"
"res_locality_mx_coa_17","base.mx","base.state_mx_coah","17","Nava","Nava"
"res_locality_mx_coa_18","base.mx","base.state_mx_coah","18","Zaragoza","Zaragoza"
"res_locality_mx_coa_19","base.mx","base.state_mx_coah","19","San Buenaventura","San Buenaventura"
"res_locality_mx_coa_20","base.mx","base.state_mx_coah","20","Ciudad Melchor Múzquiz","Ciudad Melchor Múzquiz"
"res_locality_mx_coa_21","base.mx","base.state_mx_coah","21","Viesca","Viesca"
"res_locality_mx_coa_22","base.mx","base.state_mx_coah","22","Morelos","Morelos"
"res_locality_mx_coa_23","base.mx","base.state_mx_coah","23","Arteaga","Arteaga"
"res_locality_mx_coa_24","base.mx","base.state_mx_coah","24","Allende","Allende"
"res_locality_mx_gro_03","base.mx","base.state_mx_gro","03","Iguala de la Independencia","Iguala de la Independencia"
"res_locality_mx_gro_04","base.mx","base.state_mx_gro","04","Taxco de Alarcón","Taxco de Alarcón"
"res_locality_mx_gro_05","base.mx","base.state_mx_gro","05","Arcelia","Arcelia"
"res_locality_mx_gro_06","base.mx","base.state_mx_gro","06","Ayutla de los Libres","Ayutla de los Libres"
"res_locality_mx_gro_07","base.mx","base.state_mx_gro","07","Atoyac de Álvarez","Atoyac de Álvarez"
"res_locality_mx_gro_09","base.mx","base.state_mx_gro","09","San Jerónimo de Juárez","San Jerónimo de Juárez"
"res_locality_mx_gro_10","base.mx","base.state_mx_gro","10","Ciudad Apaxtla de Castrejón","Ciudad Apaxtla de Castrejón"
"res_locality_mx_gro_11","base.mx","base.state_mx_gro","11","Ciudad Altamirano","Ciudad Altamirano"
"res_locality_mx_gro_12","base.mx","base.state_mx_gro","12","Buenavista de Cuellar","Buenavista de Cuéllar"
"res_locality_mx_gro_13","base.mx","base.state_mx_gro","13","Cutzamala de Pinzón","Cutzamala de Pinzón"
"res_locality_mx_gro_14","base.mx","base.state_mx_gro","14","Coyuca de Catalán","Coyuca de Catalán"
"res_locality_mx_gro_15","base.mx","base.state_mx_gro","15","Tierra Colorada","Tierra Colorada"
"res_locality_mx_gro_16","base.mx","base.state_mx_gro","16","Coyuca de Benítez","Coyuca de Benítez"
"res_locality_mx_gro_17","base.mx","base.state_mx_gro","17","Olinalá","Olinalá"
"res_locality_mx_gro_18","base.mx","base.state_mx_gro","18","Marquelia","Marquelia"
"res_locality_mx_gro_19","base.mx","base.state_mx_gro","19","Zumpango del Río","Zumpango del Río"
"res_locality_mx_gro_20","base.mx","base.state_mx_gro","20","San Luis de la Loma","San Luis de la Loma"
"res_locality_mx_gro_21","base.mx","base.state_mx_gro","21","Petatlán","Petatlán"
"res_locality_mx_gro_22","base.mx","base.state_mx_gro","22","La Unión","La Unión"
"res_locality_mx_gro_23","base.mx","base.state_mx_gro","23","San Luis San Pedro","San Luis San Pedro"
"res_locality_mx_gro_24","base.mx","base.state_mx_gro","24","Teloloapan","Teloloapan"
"res_locality_mx_gro_25","base.mx","base.state_mx_gro","25","Técpan de Galeana","Técpan de Galeana"
"res_locality_mx_gro_26","base.mx","base.state_mx_gro","26","Huitzuco","Huitzuco"
"res_locality_mx_gro_27","base.mx","base.state_mx_gro","27","Tixtla de Guerrero","Tixtla de Guerrero"
"res_locality_mx_gro_28","base.mx","base.state_mx_gro","28","Tepecoacuilco de Trujano","Tepecoacuilco de Trujano"
"res_locality_mx_gro_29","base.mx","base.state_mx_gro","29","San Marcos","San Marcos"
"res_locality_mx_gro_30","base.mx","base.state_mx_gro","30","Azoyú","Azoyú"
"res_locality_mx_gro_31","base.mx","base.state_mx_gro","31","Tlapehuala","Tlapehuala"
"res_locality_mx_gro_32","base.mx","base.state_mx_gro","32","San Luis Acatlán","San Luis Acatlán"
"res_locality_mx_gro_33","base.mx","base.state_mx_gro","33","Chilapa de Álvarez","Chilapa de Álvarez"
"res_locality_mx_gro_34","base.mx","base.state_mx_gro","34","Tlapa de Comonfort","Tlapa de Comonfort"
"res_locality_mx_gro_35","base.mx","base.state_mx_gro","35","Tlalixtaquilla","Tlalixtaquilla"
"res_locality_mx_gro_36","base.mx","base.state_mx_gro","36","Cuajinicuilapa","Cuajinicuilapa"
"res_locality_mx_gro_37","base.mx","base.state_mx_gro","37","Huamuxtitlan","Huamuxtitlan"
"res_locality_mx_gro_38","base.mx","base.state_mx_gro","38","Cruz Grande","Cruz Grande"
"res_locality_mx_gro_39","base.mx","base.state_mx_gro","39","Ocotito","Ocotito"
"res_locality_mx_gro_40","base.mx","base.state_mx_gro","40","Copala","Copala"
"res_locality_mx_gro_41","base.mx","base.state_mx_gro","41","Zihuatanejo","Zihuatanejo"
"res_locality_mx_hid_03","base.mx","base.state_mx_hgo","03","Pachuca de Soto","Pachuca de Soto"
"res_locality_mx_hid_04","base.mx","base.state_mx_hgo","04","Cd. de Fray Bernardino de Sahagún","Cd. de Fray Bernardino de Sahagún"
"res_locality_mx_hid_05","base.mx","base.state_mx_hgo","05","Tula de Allende","Tula de Allende"
"res_locality_mx_hid_06","base.mx","base.state_mx_hgo","06","Tulancingo","Tulancingo"
"res_locality_mx_hid_07","base.mx","base.state_mx_hgo","07","Zimapan","Zimapán"
"res_locality_mx_hid_08","base.mx","base.state_mx_hgo","08","Huejutla de Reyes","Huejutla de Reyes"
"res_locality_mx_hid_09","base.mx","base.state_mx_hgo","09","Tlaxcoapan","Tlaxcoapan"
"res_locality_mx_hid_10","base.mx","base.state_mx_hgo","10","Tizayuca","Tizayuca"
"res_locality_mx_hid_11","base.mx","base.state_mx_hgo","11","Santiago Tulantepec","Santiago Tulantepec"
"res_locality_mx_hid_12","base.mx","base.state_mx_hgo","12","Ixmiquilpan","Ixmiquilpan"
"res_locality_mx_hid_13","base.mx","base.state_mx_hgo","13","Tepeji del Rio","Tepeji del Rio"
"res_locality_mx_hid_14","base.mx","base.state_mx_hgo","14","Cruz Azul","Cruz Azul"
"res_locality_mx_hid_15","base.mx","base.state_mx_hgo","15","Tepeapulco","Tepeapulco"
"res_locality_mx_jal_03","base.mx","base.state_mx_jal","03","Guadalajara","Guadalajara"
"res_locality_mx_jal_04","base.mx","base.state_mx_jal","04","Lagos de Moreno","Lagos de Moreno"
"res_locality_mx_jal_05","base.mx","base.state_mx_jal","05","Ocotlán","Ocotlán"
"res_locality_mx_jal_06","base.mx","base.state_mx_jal","06","Puerto Vallarta","Puerto Vallarta"
"res_locality_mx_jal_07","base.mx","base.state_mx_jal","07","San Juan de los Lagos","San Juan de los Lagos"
"res_locality_mx_jal_08","base.mx","base.state_mx_jal","08","Tepatitlán de Morelos","Tepatitlán de Morelos"
"res_locality_mx_jal_09","base.mx","base.state_mx_jal","09","Tlaquepaque","Tlaquepaque"
"res_locality_mx_jal_10","base.mx","base.state_mx_jal","10","Zapopan","Zapopan"
"res_locality_mx_jal_11","base.mx","base.state_mx_jal","11","Tlajomulco de Zúñiga","Tlajomulco de Zúñiga"
"res_locality_mx_jal_12","base.mx","base.state_mx_jal","12","Tonalá","Tonalá"
"res_locality_mx_jal_13","base.mx","base.state_mx_jal","13","Tuxpan","Tuxpan"
"res_locality_mx_jal_14","base.mx","base.state_mx_jal","14","Tototlán","Tototlán"
"res_locality_mx_jal_15","base.mx","base.state_mx_jal","15","San Diego de Alejandría","San Diego de Alejandría"
"res_locality_mx_jal_16","base.mx","base.state_mx_jal","16","La Resolana","La Resolana"
"res_locality_mx_jal_17","base.mx","base.state_mx_jal","17","Atotonilco el Alto","Atotonilco el Alto"
"res_locality_mx_jal_18","base.mx","base.state_mx_jal","18","Jalostotitlán","Jalostotitlán"
"res_locality_mx_jal_19","base.mx","base.state_mx_jal","19","Poncitlán","Poncitlán"
"res_locality_mx_jal_20","base.mx","base.state_mx_jal","20","Arandas","Arandas"
"res_locality_mx_jal_21","base.mx","base.state_mx_jal","21","Talpa de Allende","Talpa de Allende"
"res_locality_mx_jal_22","base.mx","base.state_mx_jal","22","Etzatlán","Etzatlán"
"res_locality_mx_jal_23","base.mx","base.state_mx_jal","23","Sayula","Sayula"
"res_locality_mx_jal_24","base.mx","base.state_mx_jal","24","Ahualulco de Mercado","Ahualulco de Mercado"
"res_locality_mx_jal_25","base.mx","base.state_mx_jal","25","Autlán de Navarro","Autlán de Navarro"
"res_locality_mx_jal_26","base.mx","base.state_mx_jal","26","Magdalena","Magdalena"
"res_locality_mx_jal_27","base.mx","base.state_mx_jal","27","San Julián","San Julián"
"res_locality_mx_jal_28","base.mx","base.state_mx_jal","28","Cocula","Cocula"
"res_locality_mx_jal_29","base.mx","base.state_mx_jal","29","El Grullo","El Grullo"
"res_locality_mx_jal_30","base.mx","base.state_mx_jal","30","San Miguel el Alto","San Miguel el Alto"
"res_locality_mx_jal_31","base.mx","base.state_mx_jal","31","Tala","Tala"
"res_locality_mx_jal_32","base.mx","base.state_mx_jal","32","La Barca","La Barca"
"res_locality_mx_jal_33","base.mx","base.state_mx_jal","33","Jamay","Jamay"
"res_locality_mx_jal_34","base.mx","base.state_mx_jal","34","Yahualica de González Gallo","Yahualica de González Gallo"
"res_locality_mx_jal_35","base.mx","base.state_mx_jal","35","Colotlán","Colotlán"
"res_locality_mx_jal_36","base.mx","base.state_mx_jal","36","Cihuatlán","Cihuatlán"
"res_locality_mx_jal_37","base.mx","base.state_mx_jal","37","Zapotiltic","Zapotiltic"
"res_locality_mx_jal_38","base.mx","base.state_mx_jal","38","Villa Corona","Villa Corona"
"res_locality_mx_jal_39","base.mx","base.state_mx_jal","39","Teocaltiche","Teocaltiche"
"res_locality_mx_jal_41","base.mx","base.state_mx_jal","41","Tequila","Tequila"
"res_locality_mx_jal_42","base.mx","base.state_mx_jal","42","El Quince (San José el Quince)","El Quince (San José el Quince)"
"res_locality_mx_jal_43","base.mx","base.state_mx_jal","43","San José el Verde (El Verde)","San José el Verde (El Verde)"
"res_locality_mx_jal_44","base.mx","base.state_mx_jal","44","Jocotepec","Jocotepec"
"res_locality_mx_jal_45","base.mx","base.state_mx_jal","45","Tecalitlán","Tecalitlán"
"res_locality_mx_jal_46","base.mx","base.state_mx_jal","46","Chapala","Chapala"
"res_locality_mx_jal_47","base.mx","base.state_mx_jal","47","Ajijic","Ajijic"
"res_locality_mx_jal_48","base.mx","base.state_mx_jal","48","San Ignacio Cerro Gordo","San Ignacio Cerro Gordo"
"res_locality_mx_jal_49","base.mx","base.state_mx_jal","49","Zacoalco de Torres","Zacoalco de Torres"
"res_locality_mx_jal_50","base.mx","base.state_mx_jal","50","Huejuquilla el Alto","Huejuquilla el Alto"
"res_locality_mx_jal_51","base.mx","base.state_mx_jal","51","Villa Hidalgo","Villa Hidalgo"
"res_locality_mx_jal_52","base.mx","base.state_mx_jal","52","Unión de San Antonio","Unión de San Antonio"
"res_locality_mx_jal_53","base.mx","base.state_mx_jal","53","Las Pintitas","Las Pintitas"
"res_locality_mx_jal_54","base.mx","base.state_mx_jal","54","Tamazula de Gordiano","Tamazula de Gordiano"
"res_locality_mx_jal_55","base.mx","base.state_mx_jal","55","Acatlán de Juárez","Acatlán de Juárez"
"res_locality_mx_jal_56","base.mx","base.state_mx_jal","56","Valle de Guadalupe","Valle de Guadalupe"
"res_locality_mx_mor_02","base.mx","base.state_mx_mor","02","Cuernavaca","Cuernavaca"
"res_locality_mx_mor_03","base.mx","base.state_mx_mor","03","Galeana","Galeana"
"res_locality_mx_mor_04","base.mx","base.state_mx_mor","04","Jojutla","Jojutla"
"res_locality_mx_mor_05","base.mx","base.state_mx_mor","05","Puente de Ixtla","Puente de Ixtla"
"res_locality_mx_mor_06","base.mx","base.state_mx_mor","06","Santa Rosa Treinta","Santa Rosa Treinta"
"res_locality_mx_mor_07","base.mx","base.state_mx_mor","07","Zacatepec de Hidalgo","Zacatepec de Hidalgo"
"res_locality_mx_mor_08","base.mx","base.state_mx_mor","08","Tlaquiltenango","Tlaquiltenango"
"res_locality_mx_nle_03","base.mx","base.state_mx_nl","03","Ciudad General Escobedo","Ciudad General Escobedo"
"res_locality_mx_nle_04","base.mx","base.state_mx_nl","04","Guadalupe","Guadalupe"
"res_locality_mx_nle_05","base.mx","base.state_mx_nl","05","Linares","Linares"
"res_locality_mx_nle_06","base.mx","base.state_mx_nl","06","Montemorelos","Montemorelos"
"res_locality_mx_nle_07","base.mx","base.state_mx_nl","07","Monterrey","Monterrey"
"res_locality_mx_nle_08","base.mx","base.state_mx_nl","08","Ciudad Sabinas Hidalgo","Ciudad Sabinas Hidalgo"
"res_locality_mx_nle_09","base.mx","base.state_mx_nl","09","San Nicolás de los Garza","San Nicolás de los Garza"
"res_locality_mx_nle_10","base.mx","base.state_mx_nl","10","Ciudad Santa Catarina","Ciudad Santa Catarina"
"res_locality_mx_nle_11","base.mx","base.state_mx_nl","11","Doctor Arroyo","Doctor Arroyo"
"res_locality_mx_nle_12","base.mx","base.state_mx_nl","12","Ciénega de Flores","Ciénega de Flores"
"res_locality_mx_nle_13","base.mx","base.state_mx_nl","13","Hualahuises","Hualahuises"
"res_locality_mx_nle_15","base.mx","base.state_mx_nl","15","Cadereyta Jiménez","Cadereyta Jiménez"
"res_locality_mx_nle_17","base.mx","base.state_mx_nl","17","Santiago","Santiago"
"res_locality_mx_nle_18","base.mx","base.state_mx_nl","18","El cercado","El cercado"
"res_locality_mx_nle_20","base.mx","base.state_mx_nl","20","Anáhuac","Anáhuac"
"res_locality_mx_nle_21","base.mx","base.state_mx_nl","21","García","García"
"res_locality_mx_nle_22","base.mx","base.state_mx_nl","22","Ciudad Benito Juárez","Ciudad Benito Juárez"
"res_locality_mx_oax_03","base.mx","base.state_mx_oax","03","Salina Cruz","Salina Cruz"
"res_locality_mx_oax_04","base.mx","base.state_mx_oax","04","San Juan Bautista Tuxtepec","San Juan Bautista Tuxtepec"
"res_locality_mx_oax_05","base.mx","base.state_mx_oax","05","Matías Romero Avendaño","Matías Romero Avendaño"
"res_locality_mx_oax_06","base.mx","base.state_mx_oax","06","Heroica Ciudad de Huajuapan de León","Heroica Ciudad de Huajuapan de León"
"res_locality_mx_oax_07","base.mx","base.state_mx_oax","07","Loma Bonita","Loma Bonita"
"res_locality_mx_oax_08","base.mx","base.state_mx_oax","08","Puerto Escondido","Puerto Escondido"
"res_locality_mx_oax_09","base.mx","base.state_mx_oax","09","Río Grande o Piedra Parada","Río Grande o Piedra Parada"
"res_locality_mx_oax_11","base.mx","base.state_mx_oax","11","Santiago Suchilquitongo","Santiago Suchilquitongo"
"res_locality_mx_oax_12","base.mx","base.state_mx_oax","12","San Felipe Jalapa de Díaz","San Felipe Jalapa de Díaz"
"res_locality_mx_oax_13","base.mx","base.state_mx_oax","13","Bahias de Huatulco","Bahías de Huatulco"
"res_locality_mx_oax_14","base.mx","base.state_mx_oax","14","Putla Villa de Guerrero","Putla Villa de Guerrero"
"res_locality_mx_oax_15","base.mx","base.state_mx_oax","15","Cosolapa","Cosolapa"
"res_locality_mx_oax_16","base.mx","base.state_mx_oax","16","Tlacolula de Matamoros","Tlacolula de Matamoros"
"res_locality_mx_oax_17","base.mx","base.state_mx_oax","17","San Pablo Villa de Mitla","San Pablo Villa de Mitla"
"res_locality_mx_oax_18","base.mx","base.state_mx_oax","18","Natividad","Natividad"
"res_locality_mx_oax_19","base.mx","base.state_mx_oax","19","Teotitlán de Flores Magón","Teotitlán de Flores Magón"
"res_locality_mx_oax_20","base.mx","base.state_mx_oax","20","Santa María Huatulco","Santa María Huatulco"
"res_locality_mx_oax_21","base.mx","base.state_mx_oax","21","San Juan Bautista Cuicatlán","San Juan Bautista Cuicatlán"
"res_locality_mx_oax_22","base.mx","base.state_mx_oax","22","Villa Sola de Vega","Villa Sola de Vega"
"res_locality_mx_oax_23","base.mx","base.state_mx_oax","23","Ocotlán de Morelos","Ocotlán de Morelos"
"res_locality_mx_oax_24","base.mx","base.state_mx_oax","24","Villa de Zaachila","Villa de Zaachila"
"res_locality_mx_oax_25","base.mx","base.state_mx_oax","25","Miahuatlán de Porfirio Díaz","Miahuatlán de Porfirio Díaz"
"res_locality_mx_oax_26","base.mx","base.state_mx_oax","26","Unión Hidalgo","Unión Hidalgo"
"res_locality_mx_oax_27","base.mx","base.state_mx_oax","27","El Camarón","El Camarón"
"res_locality_mx_oax_28","base.mx","base.state_mx_oax","28","San Pedro Mixtepec -Dto. 22-","San Pedro Mixtepec -Dto. 22 -"
"res_locality_mx_oax_29","base.mx","base.state_mx_oax","29","Santa Cruz Itundujia","Santa Cruz Itundujia"
"res_locality_mx_oax_30","base.mx","base.state_mx_oax","30","Chahuites","Chahuites"
"res_locality_mx_oax_31","base.mx","base.state_mx_oax","31","Heroica Ciudad de Ejutla de Crespo","Heroica Ciudad de Ejutla de Crespo"
"res_locality_mx_oax_32","base.mx","base.state_mx_oax","32","San Pedro Tapanatepec","San Pedro Tapanatepec"
"res_locality_mx_oax_33","base.mx","base.state_mx_oax","33","Vicente Camalote","Vicente Camalote"
"res_locality_mx_oax_34","base.mx","base.state_mx_oax","34","Villa de Tamazulápam del Progreso","Villa de Tamazulápam del Progreso"
"res_locality_mx_oax_35","base.mx","base.state_mx_oax","35","San Juan Bautista lo de Soto","San Juan Bautista lo de Soto"
"res_locality_mx_oax_36","base.mx","base.state_mx_oax","36","San Juan Cacahuatepec","San Juan Cacahuatepec"
"res_locality_mx_oax_37","base.mx","base.state_mx_oax","37","San Pedro Totolapa","San Pedro Totolapa"
"res_locality_mx_oax_38","base.mx","base.state_mx_oax","38","San Miguel el Grande","San Miguel el Grande"
"res_locality_mx_oax_39","base.mx","base.state_mx_oax","39","Zimatlán de Álvarez","Zimatlán de Álvarez"
"res_locality_mx_oax_40","base.mx","base.state_mx_oax","40","San Pablo Huitzo","San Pablo Huitzo"
"res_locality_mx_oax_41","base.mx","base.state_mx_oax","41","San Francisco Telixtlahuaca","San Francisco Telixtlahuaca"
"res_locality_mx_oax_42","base.mx","base.state_mx_oax","42","Mariscala de Juárez","Mariscala de Juárez"
"res_locality_mx_oax_43","base.mx","base.state_mx_oax","43","Santiago Pinotepa Nacional","Santiago Pinotepa Nacional"
"res_locality_mx_oax_44","base.mx","base.state_mx_oax","44","Santiago Jamiltepec","Santiago Jamiltepec"
"res_locality_mx_oax_45","base.mx","base.state_mx_oax","45","San Pedro Pochutla","San Pedro Pochutla"
"res_locality_mx_oax_46","base.mx","base.state_mx_oax","46","Heroica Ciudad de Tlaxiaco","Heroica Ciudad de Tlaxiaco"
"res_locality_mx_oax_47","base.mx","base.state_mx_oax","47","San Juan Bautista Valle Nacional","San Juan Bautista Valle Nacional"
"res_locality_mx_oax_48","base.mx","base.state_mx_oax","48","Lagunas","Lagunas"
"res_locality_mx_oax_49","base.mx","base.state_mx_oax","49","Ciudad Ixtepec","Ciudad Ixtepec"
"res_locality_mx_oax_50","base.mx","base.state_mx_oax","50","Santiago Juxtlahuaca","Santiago Juxtlahuaca"
"res_locality_mx_oax_51","base.mx","base.state_mx_oax","51","San Sebastián Tecomaxtlahuaca","San Sebastián Tecomaxtlahuaca"
"res_locality_mx_oax_52","base.mx","base.state_mx_oax","52","Asunción Nochixtlán","Asunción Nochixtlán"
"res_locality_mx_oax_53","base.mx","base.state_mx_oax","53","San Francisco Ixhuatán","San Francisco Ixhuatán"
"res_locality_mx_oax_54","base.mx","base.state_mx_oax","54","San Blas Atempa","San Blas Atempa"
"res_locality_mx_oax_55","base.mx","base.state_mx_oax","55","Santo Domingo Tehuantepec","Santo Domingo Tehuantepec"
"res_locality_mx_oax_56","base.mx","base.state_mx_oax","56","Cuilápam de Guerrero","Cuilápam de Guerrero"
"res_locality_mx_oax_57","base.mx","base.state_mx_oax","57","El Rosario","El Rosario"
"res_locality_mx_oax_58","base.mx","base.state_mx_oax","58","Santa Lucia del Camino","Santa Lucía del Camino"
"res_locality_mx_oax_59","base.mx","base.state_mx_oax","59","San Antonio de la Cal","San Antonio de la Cal"
"res_locality_mx_pue_03","base.mx","base.state_mx_pue","03","Puebla (Heroica Puebla)","Puebla (Heroica Puebla)"
"res_locality_mx_pue_04","base.mx","base.state_mx_pue","04","San Martín Texmelucan de Labastida","San Martín Texmelucan de Labastida"
"res_locality_mx_pue_05","base.mx","base.state_mx_pue","05","Tehuacan","Tehuacan"
"res_locality_mx_pue_06","base.mx","base.state_mx_pue","06","Teziutlan","Teziutlan"
"res_locality_mx_pue_07","base.mx","base.state_mx_pue","07","San Andrés Cholula","San Andrés Cholula"
"res_locality_mx_pue_08","base.mx","base.state_mx_pue","08","San Pedro Cholula","San Pedro Cholula"
"res_locality_mx_pue_09","base.mx","base.state_mx_pue","09","Huauchinango","Huauchinango"
"res_locality_mx_pue_10","base.mx","base.state_mx_pue","10","Acatlán de Osorio","Acatlán de Osorio"
"res_locality_mx_pue_11","base.mx","base.state_mx_pue","11","Cuautlancingo","Cuautlancingo"
"res_locality_mx_pue_12","base.mx","base.state_mx_pue","12","Tepeaca","Tepeaca"
"res_locality_mx_pue_13","base.mx","base.state_mx_pue","13","Tecamachalco","Tecamachalco"
"res_locality_mx_pue_14","base.mx","base.state_mx_pue","14","Zacatlán","Zacatlán"
"res_locality_mx_pue_15","base.mx","base.state_mx_pue","15","Xicotepec","Xicotepec"
"res_locality_mx_pue_16","base.mx","base.state_mx_pue","16","Ciudad Serdán","Ciudad Serdán"
"res_locality_mx_pue_17","base.mx","base.state_mx_pue","17","Amozoc","Amozoc"
"res_locality_mx_que_04","base.mx","base.state_mx_qro","04","El Pueblito","El Pueblito"
"res_locality_mx_slp_02","base.mx","base.state_mx_slp","02","Ébano","Ébano"
"res_locality_mx_slp_03","base.mx","base.state_mx_slp","03","Matehuala","Matehuala"
"res_locality_mx_slp_04","base.mx","base.state_mx_slp","04","Rioverde","Rioverde"
"res_locality_mx_slp_05","base.mx","base.state_mx_slp","05","San Luis Potosí","San Luis Potosí"
"res_locality_mx_slp_06","base.mx","base.state_mx_slp","06","Soledad de Graciano Sánchez","Soledad de Graciano Sánchez"
"res_locality_mx_slp_07","base.mx","base.state_mx_slp","07","Charcas","Charcas"
"res_locality_mx_slp_08","base.mx","base.state_mx_slp","08","Salinas de Hidalgo","Salinas de Hidalgo"
"res_locality_mx_slp_09","base.mx","base.state_mx_slp","09","Cárdenas","Cárdenas"
"res_locality_mx_slp_10","base.mx","base.state_mx_slp","10","Cerritos","Cerritos"
"res_locality_mx_slp_11","base.mx","base.state_mx_slp","11","Tamuin","Tamuín"
"res_locality_mx_slp_12","base.mx","base.state_mx_slp","12","Tamasopo","Tamasopo"
"res_locality_mx_slp_13","base.mx","base.state_mx_slp","13","Ciudad del Maíz","Ciudad del Maíz"
"res_locality_mx_slp_14","base.mx","base.state_mx_slp","14","Cedral","Cedral"
"res_locality_mx_slp_15","base.mx","base.state_mx_slp","15","Tierra Nueva","Tierra Nueva"
"res_locality_mx_slp_16","base.mx","base.state_mx_slp","16","Villa de Reyes","Villa de Reyes"
"res_locality_mx_slp_17","base.mx","base.state_mx_slp","17","Fracción el Refugio","Fracción el Refugio"
"res_locality_mx_slp_18","base.mx","base.state_mx_slp","18","Tamazunchale","Tamazunchale"
"res_locality_mx_slp_19","base.mx","base.state_mx_slp","19","Santa María del Río","Santa María del Río"
"res_locality_mx_slp_20","base.mx","base.state_mx_slp","20","El Naranjo","El Naranjo"
"res_locality_mx_son_02","base.mx","base.state_mx_son","02","Agua Prieta","Agua Prieta"
"res_locality_mx_son_03","base.mx","base.state_mx_son","03","Heroica Caborca","Heroica Caborca"
"res_locality_mx_son_04","base.mx","base.state_mx_son","04","Ciudad Obregón","Ciudad Obregón"
"res_locality_mx_son_05","base.mx","base.state_mx_son","05","Empalme","Empalme"
"res_locality_mx_son_06","base.mx","base.state_mx_son","06","Heroica Guaymas","Heroica Guaymas"
"res_locality_mx_son_07","base.mx","base.state_mx_son","07","Hermosillo","Hermosillo"
"res_locality_mx_son_08","base.mx","base.state_mx_son","08","Huatabampo","Huatabampo"
"res_locality_mx_son_09","base.mx","base.state_mx_son","09","Navojoa","Navojoa"
"res_locality_mx_son_10","base.mx","base.state_mx_son","10","Heroica Nogales","Heroica Nogales"
"res_locality_mx_son_11","base.mx","base.state_mx_son","11","Puerto Peñasco","Puerto Peñasco"
"res_locality_mx_son_12","base.mx","base.state_mx_son","12","Heroica Ciudad de Cananea","Heroica Ciudad de Cananea"
"res_locality_mx_son_13","base.mx","base.state_mx_son","13","Sonoita","Sonoita"
"res_locality_mx_son_14","base.mx","base.state_mx_son","14","Magdalena de Kino","Magdalena de Kino"
"res_locality_mx_tam_02","base.mx","base.state_mx_tamps","02","Ciudad Camargo","Ciudad Camargo"
"res_locality_mx_tam_03","base.mx","base.state_mx_tamps","03","Ciudad Madero","Ciudad Madero"
"res_locality_mx_tam_04","base.mx","base.state_mx_tamps","04","Ciudad Mante","Ciudad Mante"
"res_locality_mx_tam_05","base.mx","base.state_mx_tamps","05","Heroica Matamoros","Heroica Matamoros"
"res_locality_mx_tam_06","base.mx","base.state_mx_tamps","06","Nuevo Laredo","Nuevo Laredo"
"res_locality_mx_tam_07","base.mx","base.state_mx_tamps","07","Reynosa","Reynosa"
"res_locality_mx_tam_08","base.mx","base.state_mx_tamps","08","Ciudad Río Bravo","Ciudad Río Bravo"
"res_locality_mx_tam_09","base.mx","base.state_mx_tamps","09","San Fernando","San Fernando"
"res_locality_mx_tam_10","base.mx","base.state_mx_tamps","10","Tampico","Tampico"
"res_locality_mx_tam_11","base.mx","base.state_mx_tamps","11","Ciudad Victoria","Ciudad Victoria"
"res_locality_mx_tam_12","base.mx","base.state_mx_tamps","12","González","González"
"res_locality_mx_tam_13","base.mx","base.state_mx_tamps","13","Jaumave","Jaumave"
"res_locality_mx_tam_14","base.mx","base.state_mx_tamps","14","Ciudad Gustavo Díaz Ordaz","Ciudad Gustavo Díaz Ordaz"
"res_locality_mx_tam_15","base.mx","base.state_mx_tamps","15","Estación Manuel (Úrsulo Galván)","Estación Manuel (Úrsulo Galván)"
"res_locality_mx_tam_16","base.mx","base.state_mx_tamps","16","Xicoténcatl","Xicoténcatl"
"res_locality_mx_tam_17","base.mx","base.state_mx_tamps","17","Ciudad Miguel Alemán","Ciudad Miguel Alemán"
"res_locality_mx_tam_18","base.mx","base.state_mx_tamps","18","Soto la Marina","Soto la Marina"
"res_locality_mx_tam_19","base.mx","base.state_mx_tamps","19","Ciudad Tula","Ciudad Tula"
"res_locality_mx_tam_20","base.mx","base.state_mx_tamps","20","Nueva Ciudad Guerrero","Nueva Ciudad Guerrero"
"res_locality_mx_tam_21","base.mx","base.state_mx_tamps","21","Valle Hermoso","Valle Hermoso"
"res_locality_mx_yuc_02","base.mx","base.state_mx_yuc","02","Tizimín","Tizimín"
"res_locality_mx_yuc_03","base.mx","base.state_mx_yuc","03","Ticul","Ticul"
"res_locality_mx_yuc_04","base.mx","base.state_mx_yuc","04","Motul de Carrillo Puerto","Motul de Carrillo Puerto"
"res_locality_mx_yuc_05","base.mx","base.state_mx_yuc","05","Valladolid","Valladolid"
"res_locality_mx_yuc_06","base.mx","base.state_mx_yuc","06","Kanasín","Kanasín"
"res_locality_mx_agu_01","base.mx","base.state_mx_ags","01","Aguascalientes","Aguascalientes"
"res_locality_mx_agu_02","base.mx","base.state_mx_ags","02","Calvillo","Calvillo"
"res_locality_mx_agu_03","base.mx","base.state_mx_ags","03","San Francisco de los Romo","San Francisco de los Romo"
"res_locality_mx_agu_04","base.mx","base.state_mx_ags","04","Jesús María","Jesús María"
"res_locality_mx_agu_05","base.mx","base.state_mx_ags","05","Pabellón de Arteaga","Pabellón de Arteaga"
"res_locality_mx_agu_06","base.mx","base.state_mx_ags","06","Rincón de Romos","Rincón de Romos"
"res_locality_mx_agu_07","base.mx","base.state_mx_ags","07","Asientos","Asientos"
"res_locality_mx_agu_08","base.mx","base.state_mx_ags","08","Tepezalá","Tepezalá"
"res_locality_mx_agu_09","base.mx","base.state_mx_ags","09","Cosío","Cosío"
"res_locality_mx_bcn_01","base.mx","base.state_mx_bc","01","Ensenada","Ensenada"
"res_locality_mx_bcn_02","base.mx","base.state_mx_bc","02","Mexicali","Mexicali"
"res_locality_mx_bcn_03","base.mx","base.state_mx_bc","03","Tecate","Tecate"
"res_locality_mx_bcn_04","base.mx","base.state_mx_bc","04","Tijuana","Tijuana"
"res_locality_mx_bcn_05","base.mx","base.state_mx_bc","05","Playas de Rosarito","Playas de Rosarito"
"res_locality_mx_bcn_06","base.mx","base.state_mx_bc","06","Rodolfo Sánchez T. (Maneadero)","Rodolfo Sánchez T. (Maneadero)"
"res_locality_mx_bcn_07","base.mx","base.state_mx_bc","07","San Felipe","San Felipe"
"res_locality_mx_bcs_01","base.mx","base.state_mx_bcs","01","Ciudad Constitución","Ciudad Constitución"
"res_locality_mx_bcs_02","base.mx","base.state_mx_bcs","02","La Paz","La Paz"
"res_locality_mx_bcs_03","base.mx","base.state_mx_bcs","03","Cabo San Lucas","Cabo San Lucas"
"res_locality_mx_bcs_04","base.mx","base.state_mx_bcs","04","San José del Cabo","San José del Cabo"
"res_locality_mx_bcs_05","base.mx","base.state_mx_bcs","05","Loreto","Loreto"
"res_locality_mx_bcs_06","base.mx","base.state_mx_bcs","06","Puerto Adolfo López Mateos","Puerto Adolfo López Mateos"
"res_locality_mx_bcs_07","base.mx","base.state_mx_bcs","07","Todos Santos","Todos Santos"
"res_locality_mx_bcs_08","base.mx","base.state_mx_bcs","08","Heroica Mulegé","Heroica Mulegé"
"res_locality_mx_bcs_09","base.mx","base.state_mx_bcs","09","Villa Alberto Andrés Alvarado Arámburo","Villa Alberto Andrés Alvarado Arámburo"
"res_locality_mx_bcs_10","base.mx","base.state_mx_bcs","10","San Ignacio","San Ignacio"
"res_locality_mx_bcs_11","base.mx","base.state_mx_bcs","11","Guerrero Negro","Guerrero Negro"
"res_locality_mx_bcs_12","base.mx","base.state_mx_bcs","12","Santa Rosalía","Santa Rosalía"
"res_locality_mx_cam_01","base.mx","base.state_mx_camp","01","San Francisco de Campeche","San Francisco de Campeche"
"res_locality_mx_cam_02","base.mx","base.state_mx_camp","02","Ciudad del Carmen","Ciudad del Carmen"
"res_locality_mx_cam_03","base.mx","base.state_mx_camp","03","Calkini","Calkiní"
"res_locality_mx_cam_04","base.mx","base.state_mx_camp","04","Candelaria","Candelaria"
"res_locality_mx_cam_05","base.mx","base.state_mx_camp","05","Escárcega","Escárcega"
"res_locality_mx_cam_06","base.mx","base.state_mx_camp","06","Sabancuy","Sabancuy"
"res_locality_mx_cam_07","base.mx","base.state_mx_camp","07","Hopelchén","Hopelchén"
"res_locality_mx_cam_08","base.mx","base.state_mx_camp","08","Champotón","Champotón"
"res_locality_mx_cam_09","base.mx","base.state_mx_camp","09","Hecelchakán","Hecelchakán"
"res_locality_mx_cam_11","base.mx","base.state_mx_camp","11","Pomuch","Pomuch"
"res_locality_mx_chh_01","base.mx","base.state_mx_chih","01","Santa Rosalía de Camargo","Santa Rosalía de Camargo"
"res_locality_mx_chh_02","base.mx","base.state_mx_chih","02","Chihuahua","Chihuahua"
"res_locality_mx_chh_03","base.mx","base.state_mx_chih","03","Cuauhtémoc","Cuauhtémoc"
"res_locality_mx_chh_04","base.mx","base.state_mx_chih","04","Delicias","Delicias"
"res_locality_mx_chh_05","base.mx","base.state_mx_chih","05","Hidalgo del Parral","Hidalgo del Parral"
"res_locality_mx_chh_06","base.mx","base.state_mx_chih","06","Juárez","Juárez"
"res_locality_mx_chh_07","base.mx","base.state_mx_chih","07","Nuevo Casas Grandes","Nuevo Casas Grandes"
"res_locality_mx_chh_09","base.mx","base.state_mx_chih","09","Madera","Madera"
"res_locality_mx_chh_10","base.mx","base.state_mx_chih","10","Colonia Anáhuac","Colonia Anáhuac"
"res_locality_mx_chh_11","base.mx","base.state_mx_chih","11","Juan Aldama","Juan Aldama"
"res_locality_mx_chh_12","base.mx","base.state_mx_chih","12","José Mariano Jiménez","José Mariano Jiménez"
"res_locality_mx_chh_13","base.mx","base.state_mx_chih","13","Manuel Ojinaga","Manuel Ojinaga"
"res_locality_mx_chh_14","base.mx","base.state_mx_chih","14","Bachíniva","Bachíniva"
"res_locality_mx_chh_15","base.mx","base.state_mx_chih","15","Saucillo","Saucillo"
"res_locality_mx_chp_01","base.mx","base.state_mx_chis","01","Comitán de Domínguez","Comitán de Domínguez"
"res_locality_mx_chp_02","base.mx","base.state_mx_chis","02","San Cristóbal de las Casas","San Cristóbal de las Casas"
"res_locality_mx_chp_25","base.mx","base.state_mx_chis","25","Acala","Acala"
"res_locality_mx_chp_03","base.mx","base.state_mx_chis","03","Tapachula de Córdova y Ordóñez","Tapachula de Córdova y Ordóñez"
"res_locality_mx_chp_04","base.mx","base.state_mx_chis","04","Tuxtla Gutiérrez","Tuxtla Gutiérrez"
"res_locality_mx_chp_05","base.mx","base.state_mx_chis","05","Venustiano Carranza","Venustiano Carranza"
"res_locality_mx_chp_06","base.mx","base.state_mx_chis","06","Jiquipilas","Jiquipilas"
"res_locality_mx_chp_07","base.mx","base.state_mx_chis","07","Villaflores","Villaflores"
"res_locality_mx_chp_08","base.mx","base.state_mx_chis","08","Las Margaritas","Las Margaritas"
"res_locality_mx_chp_09","base.mx","base.state_mx_chis","09","Arriaga","Arriaga"
"res_locality_mx_chp_10","base.mx","base.state_mx_chis","10","Palenque","Palenque"
"res_locality_mx_chp_11","base.mx","base.state_mx_chis","11","Ocosingo","Ocosingo"
"res_locality_mx_chp_12","base.mx","base.state_mx_chis","12","Tonalá","Tonalá"
"res_locality_mx_chp_13","base.mx","base.state_mx_chis","13","Mapastepec","Mapastepec"
"res_locality_mx_chp_14","base.mx","base.state_mx_chis","14","Las Rosas","Las Rosas"
"res_locality_mx_chp_15","base.mx","base.state_mx_chis","15","Chiapa de Corzo","Chiapa de Corzo"
"res_locality_mx_chp_16","base.mx","base.state_mx_chis","16","Cacahoatán","Cacahoatán"
"res_locality_mx_chp_17","base.mx","base.state_mx_chis","17","Ocozocoautla de Espinosa","Ocozocoautla de Espinosa"
"res_locality_mx_chp_18","base.mx","base.state_mx_chis","18","Cintalapa de Figueroa","Cintalapa de Figueroa"
"res_locality_mx_chp_19","base.mx","base.state_mx_chis","19","Pichucalco","Pichucalco"
"res_locality_mx_chp_20","base.mx","base.state_mx_chis","20","Puerto Madero (San Benito)","Puerto Madero (San Benito)"
"res_locality_mx_chp_21","base.mx","base.state_mx_chis","21","Pijijiapan","Pijijiapan"
"res_locality_mx_chp_22","base.mx","base.state_mx_chis","22","Reforma","Reforma"
"res_locality_mx_chp_23","base.mx","base.state_mx_chis","23","Huixtla","Huixtla"
"res_locality_mx_chp_24","base.mx","base.state_mx_chis","24","Motozintla de Mendoza","Motozintla de Mendoza"
"res_locality_mx_coa_01","base.mx","base.state_mx_coah","01","Ciudad Acuña","Ciudad Acuña"
"res_locality_mx_coa_02","base.mx","base.state_mx_coah","02","Frontera","Frontera"
"res_locality_mx_col_01","base.mx","base.state_mx_col","01","Colima","Colima"
"res_locality_mx_col_02","base.mx","base.state_mx_col","02","Manzanillo","Manzanillo"
"res_locality_mx_col_03","base.mx","base.state_mx_col","03","Tecoman","Tecomán"
"res_locality_mx_col_04","base.mx","base.state_mx_col","04","Ciudad de Villa de Álvarez","Ciudad de Villa de Álvarez"
"res_locality_mx_col_05","base.mx","base.state_mx_col","05","Ciudad de Armería","Ciudad de Armería"
"res_locality_mx_cmx_01","base.mx","base.state_mx_df","01","Ciudad de México (Álvaro Obregón)","Ciudad de México (Álvaro Obregón)"
"res_locality_mx_cmx_02","base.mx","base.state_mx_df","02","Ciudad de México (Azcapotzalco)","Ciudad de México (Azcapotzalco)"
"res_locality_mx_cmx_03","base.mx","base.state_mx_df","03","Ciudad de México (Benito Juárez)","Ciudad de México (Benito Juárez)"
"res_locality_mx_cmx_04","base.mx","base.state_mx_df","04","Ciudad de México (Coyoacán)","Ciudad de México (Coyoacán)"
"res_locality_mx_cmx_05","base.mx","base.state_mx_df","05","Ciudad de México (Cuajimalpa de Morelos)","Ciudad de México (Cuajimalpa de Morelos)"
"res_locality_mx_cmx_06","base.mx","base.state_mx_df","06","Ciudad de México (Cuauhtémoc)","Ciudad de México (Cuauhtémoc)"
"res_locality_mx_cmx_07","base.mx","base.state_mx_df","07","Ciudad de México (Gustavo A. Madero)","Ciudad de México (Gustavo A. Madero)"
"res_locality_mx_cmx_08","base.mx","base.state_mx_df","08","Ciudad de México (Iztacalco)","Ciudad de México (Iztacalco)"
"res_locality_mx_cmx_09","base.mx","base.state_mx_df","09","Ciudad de México (Iztapalapa)","Ciudad de México (Iztapalapa)"
"res_locality_mx_cmx_10","base.mx","base.state_mx_df","10","Ciudad de México (Magdalena Contreras)","Ciudad de México (Magdalena Contreras)"
"res_locality_mx_cmx_11","base.mx","base.state_mx_df","11","Ciudad de México (Miguel Hidalgo)","Ciudad de México (Miguel Hidalgo)"
"res_locality_mx_cmx_12","base.mx","base.state_mx_df","12","Ciudad de México (Milpa Alta)","Ciudad de México (Milpa Alta)"
"res_locality_mx_cmx_13","base.mx","base.state_mx_df","13","Ciudad de México (Tláhuac)","Ciudad de México (Tláhuac)"
"res_locality_mx_cmx_14","base.mx","base.state_mx_df","14","Ciudad de México (Tlalpan)","Ciudad de México (Tlalpan)"
"res_locality_mx_cmx_15","base.mx","base.state_mx_df","15","Ciudad de México (Venustiano Carranza)","Ciudad de México (Venustiano Carranza)"
"res_locality_mx_cmx_16","base.mx","base.state_mx_df","16","Ciudad de México (Xochimilco)","Ciudad de México (Xochimilco)"
"res_locality_mx_dur_01","base.mx","base.state_mx_dgo","01","Victoria de Durango","Victoria de Durango"
"res_locality_mx_dur_02","base.mx","base.state_mx_dgo","02","Gómez Palacio","Gómez Palacio"
"res_locality_mx_dur_03","base.mx","base.state_mx_dgo","03","Ciudad Lerdo","Ciudad Lerdo"
"res_locality_mx_dur_04","base.mx","base.state_mx_dgo","04","Santiago Papasquiaro","Santiago Papasquiaro"
"res_locality_mx_dur_05","base.mx","base.state_mx_dgo","05","Canatlán","Canatlán"
"res_locality_mx_dur_06","base.mx","base.state_mx_dgo","06","San Juan del Río del Centauro del Norte","San Juan del Río del Centauro del Norte"
"res_locality_mx_dur_07","base.mx","base.state_mx_dgo","07","Peñón Blanco","Peñón Blanco"
"res_locality_mx_dur_08","base.mx","base.state_mx_dgo","08","Francisco I. Madero","Francisco I. Madero"
"res_locality_mx_dur_09","base.mx","base.state_mx_dgo","09","Nombre de Dios","Nombre de Dios"
"res_locality_mx_dur_10","base.mx","base.state_mx_dgo","10","Vicente Guerrero","Vicente Guerrero"
"res_locality_mx_dur_11","base.mx","base.state_mx_dgo","11","El Salto","El Salto"
"res_locality_mx_dur_12","base.mx","base.state_mx_dgo","12","Santa María del Oro","Santa María del Oro"
"res_locality_mx_gro_01","base.mx","base.state_mx_gro","01","Acapulco de Juárez","Acapulco de Juárez"
"res_locality_mx_gro_02","base.mx","base.state_mx_gro","02","Chilpancingo de los Bravo","Chilpancingo de los Bravo"
"res_locality_mx_gua_01","base.mx","base.state_mx_gto","01","Acámbaro","Acámbaro"
"res_locality_mx_gua_02","base.mx","base.state_mx_gto","02","San miguel de Allende","San Miguel de Allende"
"res_locality_mx_gua_03","base.mx","base.state_mx_gto","03","Celaya","Celaya"
"res_locality_mx_gua_04","base.mx","base.state_mx_gto","04","Cortazar","Cortazar"
"res_locality_mx_gua_05","base.mx","base.state_mx_gto","05","Guanajuato","Guanajuato"
"res_locality_mx_gua_06","base.mx","base.state_mx_gto","06","Irapuato","Irapuato"
"res_locality_mx_gua_07","base.mx","base.state_mx_gto","07","León de los Aldama","León de los Aldama"
"res_locality_mx_gua_08","base.mx","base.state_mx_gto","08","Moroleón","Moroleón"
"res_locality_mx_gua_09","base.mx","base.state_mx_gto","09","Salamanca","Salamanca"
"res_locality_mx_gua_10","base.mx","base.state_mx_gto","10","San Francisco del Rincón","San Francisco del Rincón"
"res_locality_mx_gua_11","base.mx","base.state_mx_gto","11","Silao","Silao"
"res_locality_mx_gua_12","base.mx","base.state_mx_gto","12","Jerécuaro","Jerécuaro"
"res_locality_mx_gua_13","base.mx","base.state_mx_gto","13","Santiago Maravatío","Santiago Maravatío"
"res_locality_mx_gua_14","base.mx","base.state_mx_gto","14","Romita","Romita"
"res_locality_mx_gua_15","base.mx","base.state_mx_gto","15","Tarandacuao","Tarandacuao"
"res_locality_mx_gua_16","base.mx","base.state_mx_gto","16","Huanímaro","Huanímaro"
"res_locality_mx_gua_17","base.mx","base.state_mx_gto","17","Comonfort","Comonfort"
"res_locality_mx_gua_18","base.mx","base.state_mx_gto","18","Uriangato","Uriangato"
"res_locality_mx_gua_19","base.mx","base.state_mx_gto","19","Pénjamo","Pénjamo"
"res_locality_mx_gua_20","base.mx","base.state_mx_gto","20","Cuerámaro","Cuerámaro"
"res_locality_mx_gua_21","base.mx","base.state_mx_gto","21","Empalme Escobedo (Escobedo)","Empalme Escobedo (Escobedo)"
"res_locality_mx_gua_22","base.mx","base.state_mx_gto","22","San Luis de la Paz","San Luis de la Paz"
"res_locality_mx_gua_23","base.mx","base.state_mx_gto","23","Valle de Santiago","Valle de Santiago"
"res_locality_mx_gua_24","base.mx","base.state_mx_gto","24","Abasolo","Abasolo"
"res_locality_mx_gua_25","base.mx","base.state_mx_gto","25","Rincón de Tamayo","Rincón de Tamayo"
"res_locality_mx_gua_26","base.mx","base.state_mx_gto","26","Villagrán","Villagrán"
"res_locality_mx_gua_27","base.mx","base.state_mx_gto","27","Yuriria","Yuriria"
"res_locality_mx_gua_28","base.mx","base.state_mx_gto","28","Apaseo el Grande","Apaseo el Grande"
"res_locality_mx_gua_29","base.mx","base.state_mx_gto","29","Purísima de Bustos","Purísima de Bustos"
"res_locality_mx_gua_30","base.mx","base.state_mx_gto","30","Salvatierra","Salvatierra"
"res_locality_mx_gua_31","base.mx","base.state_mx_gto","31","Marfil","Marfil"
"res_locality_mx_gua_32","base.mx","base.state_mx_gto","32","San José Iturbide","San José Iturbide"
"res_locality_mx_gua_33","base.mx","base.state_mx_gto","33","Apaseo el Alto","Apaseo el Alto"
"res_locality_mx_gua_34","base.mx","base.state_mx_gto","34","Ciudad Manuel Doblado","Ciudad Manuel Doblado"
"res_locality_mx_gua_35","base.mx","base.state_mx_gto","35","Jaral del Progreso","Jaral del Progreso"
"res_locality_mx_gua_36","base.mx","base.state_mx_gto","36","San Diego de la Unión","San Diego de la Unión"
"res_locality_mx_gua_37","base.mx","base.state_mx_gto","37","Santa Cruz Juventino Rosas","Santa Cruz Juventino Rosas"
"res_locality_mx_gua_38","base.mx","base.state_mx_gto","38","Doctor Mora","Doctor Mora"
"res_locality_mx_gua_39","base.mx","base.state_mx_gto","39","Dolores Hgo. Cuna de la Indep. Nal.","Dolores Hgo. Cuna de la Indep. Nal."
"res_locality_mx_hid_01","base.mx","base.state_mx_hgo","01","Actopan","Actopan"
"res_locality_mx_hid_02","base.mx","base.state_mx_hgo","02","Apan","Apan"
"res_locality_mx_jal_01","base.mx","base.state_mx_jal","01","Ameca","Ameca"
"res_locality_mx_jal_02","base.mx","base.state_mx_jal","02","Ciudad Guzmán","Ciudad Guzmán"
"res_locality_mx_mex_01","base.mx","base.state_mx_mex","01","Ciudad Adolfo López Mateos","Ciudad Adolfo López Mateos"
"res_locality_mx_mex_02","base.mx","base.state_mx_mex","02","Chimalhuacán","Chimalhuacán"
"res_locality_mx_mex_03","base.mx","base.state_mx_mex","03","Coacalco de Berriozabal","Coacalco de Berriozabal"
"res_locality_mx_mex_04","base.mx","base.state_mx_mex","04","Cuautitlán Izcalli","Cuautitlán Izcalli"
"res_locality_mx_mex_05","base.mx","base.state_mx_mex","05","Ecatepec de Morelos","Ecatepec de Morelos"
"res_locality_mx_mex_06","base.mx","base.state_mx_mex","06","Huixquilucan de Degollado","Huixquilucan de Degollado"
"res_locality_mx_mex_07","base.mx","base.state_mx_mex","07","Los Reyes Acaquilpan (La Paz)","Los Reyes Acaquilpan (La Paz)"
"res_locality_mx_mex_08","base.mx","base.state_mx_mex","08","Metepec","Metepec"
"res_locality_mx_mex_09","base.mx","base.state_mx_mex","09","Naucalpan de Juárez","Naucalpan de Juárez"
"res_locality_mx_mex_10","base.mx","base.state_mx_mex","10","Ciudad Nezahualcoyotl","Ciudad Nezahualcoyotl"
"res_locality_mx_mex_11","base.mx","base.state_mx_mex","11","Villa Nicolás Romero","Villa Nicolás Romero"
"res_locality_mx_mex_12","base.mx","base.state_mx_mex","12","Tecamac de Felipe Villanueva","Tecamac de Felipe Villanueva"
"res_locality_mx_mex_13","base.mx","base.state_mx_mex","13","Tepotzotlán","Tepotzotlán"
"res_locality_mx_mex_14","base.mx","base.state_mx_mex","14","Tlalnepantla de Baz","Tlalnepantla de Baz"
"res_locality_mx_mex_15","base.mx","base.state_mx_mex","15","Santa Maria Tultepec","Santa Maria Tultepec"
"res_locality_mx_mex_16","base.mx","base.state_mx_mex","16","Tultitlán de Mariano Escobedo","Tultitlán de Mariano Escobedo"
"res_locality_mx_mex_17","base.mx","base.state_mx_mex","17","Cuautitlán","Cuautitlán"
"res_locality_mx_mex_18","base.mx","base.state_mx_mex","18","Ixtapaluca","Ixtapaluca"
"res_locality_mx_mex_19","base.mx","base.state_mx_mex","19","Texcoco de Mora","Texcoco de Mora"
"res_locality_mx_mex_20","base.mx","base.state_mx_mex","20","Toluca de Lerdo","Toluca de Lerdo"
"res_locality_mx_mex_21","base.mx","base.state_mx_mex","21","Valle de Chalco Solidaridad","Valle de Chalco Solidaridad"
"res_locality_mx_mex_22","base.mx","base.state_mx_mex","22","Tejupilco de Hidalgo","Tejupilco de Hidalgo"
"res_locality_mx_mex_23","base.mx","base.state_mx_mex","23","Chalco de Díaz Covarrubias","Chalco de Díaz Covarrubias"
"res_locality_mx_mex_24","base.mx","base.state_mx_mex","24","Amatepec","Amatepec"
"res_locality_mx_mex_26","base.mx","base.state_mx_mex","26","Melchor Ocampo","Melchor Ocampo"
"res_locality_mx_mex_27","base.mx","base.state_mx_mex","27","San Vicente Chicoloapan de Juárez","San Vicente Chicoloapan de Juárez"
"res_locality_mx_mex_28","base.mx","base.state_mx_mex","28","Capulhuac","Capulhuac"
"res_locality_mx_mex_29","base.mx","base.state_mx_mex","29","Juchitepec de Mariano Riva Palacio","Juchitepec de Mariano Riva Palacio"
"res_locality_mx_mex_30","base.mx","base.state_mx_mex","30","Tequixquiac","Tequixquiac"
"res_locality_mx_mex_31","base.mx","base.state_mx_mex","31","Xonacatlán","Xonacatlán"
"res_locality_mx_mex_32","base.mx","base.state_mx_mex","32","San Mateo Atenco","San Mateo Atenco"
"res_locality_mx_mex_36","base.mx","base.state_mx_mex","36","Chiconcuac","Chiconcuac"
"res_locality_mx_mex_39","base.mx","base.state_mx_mex","39","Almoloya de Juárez","Almoloya de Juárez"
"res_locality_mx_mex_40","base.mx","base.state_mx_mex","40","Ocoyoacac","Ocoyoacac"
"res_locality_mx_mex_41","base.mx","base.state_mx_mex","41","Zumpango","Zumpango"
"res_locality_mx_mic_01","base.mx","base.state_mx_mich","01","Apatzingán de la Constitución","Apatzingán de la Constitución"
"res_locality_mx_mic_02","base.mx","base.state_mx_mich","02","Los Reyes de Salgado","Los Reyes de Salgado"
"res_locality_mx_mic_03","base.mx","base.state_mx_mich","03","Ciudad Hidalgo","Ciudad Hidalgo"
"res_locality_mx_mic_04","base.mx","base.state_mx_mich","04","Jacona de Plancarte","Jacona de Plancarte"
"res_locality_mx_mic_05","base.mx","base.state_mx_mich","05","La piedad de Cabadas","La piedad de Cabadas"
"res_locality_mx_mic_06","base.mx","base.state_mx_mich","06","Morelia","Morelia"
"res_locality_mx_mic_07","base.mx","base.state_mx_mich","07","Pátzcuaro","Pátzcuaro"
"res_locality_mx_mic_08","base.mx","base.state_mx_mich","08","Sahuayo de Morelos","Sahuayo de Morelos"
"res_locality_mx_mic_09","base.mx","base.state_mx_mich","09","Uruapan","Uruapan"
"res_locality_mx_mic_10","base.mx","base.state_mx_mich","10","Zacapu","Zacapu"
"res_locality_mx_mic_11","base.mx","base.state_mx_mich","11","Zamora de Hidalgo","Zamora de Hidalgo"
"res_locality_mx_mic_12","base.mx","base.state_mx_mich","12","Heroica Zitácuaro","Heroica Zitácuaro"
"res_locality_mx_mic_13","base.mx","base.state_mx_mich","13","Paracho de Verduzco","Paracho de Verduzco"
"res_locality_mx_mic_14","base.mx","base.state_mx_mich","14","Tangancícuaro de Arista","Tangancícuaro de Arista"
"res_locality_mx_mic_15","base.mx","base.state_mx_mich","15","Maravatío de Ocampo","Maravatío de Ocampo"
"res_locality_mx_mic_16","base.mx","base.state_mx_mich","16","Zinapécuaro de Figueroa","Zinapécuaro de Figueroa"
"res_locality_mx_mic_17","base.mx","base.state_mx_mich","17","Puruándiro","Puruándiro"
"res_locality_mx_mic_18","base.mx","base.state_mx_mich","18","Yurécuaro","Yurécuaro"
"res_locality_mx_mic_19","base.mx","base.state_mx_mich","19","Huetamo de Núñez","Huetamo de Núñez"
"res_locality_mx_mic_20","base.mx","base.state_mx_mich","20","Tacámbaro de Codallos","Tacámbaro de Codallos"
"res_locality_mx_mic_21","base.mx","base.state_mx_mich","21","Ciudad Lázaro Cárdenas","Ciudad Lázaro Cárdenas"
"res_locality_mx_mic_22","base.mx","base.state_mx_mich","22","Las Guacamayas","Las Guacamayas"
"res_locality_mx_mic_23","base.mx","base.state_mx_mich","23","Jiquilpan de Juárez","Jiquilpan de Juárez"
"res_locality_mx_mic_24","base.mx","base.state_mx_mich","24","Tuxpan","Tuxpan"
"res_locality_mx_mic_25","base.mx","base.state_mx_mich","25","Cotija de la Paz","Cotija de la Paz"
"res_locality_mx_mic_26","base.mx","base.state_mx_mich","26","Nueva Italia de Ruiz","Nueva Italia de Ruiz"
"res_locality_mx_mic_27","base.mx","base.state_mx_mich","27","Cuitzeo del Porvenir","Cuitzeo del Porvenir"
"res_locality_mx_mor_01","base.mx","base.state_mx_mor","01","Cuautla (Cuautla de Morelos)","Cuautla (Cuautla de Morelos)"
"res_locality_mx_nay_01","base.mx","base.state_mx_nay","01","Santiago Ixcuintla","Santiago Ixcuintla"
"res_locality_mx_nay_02","base.mx","base.state_mx_nay","02","Tepic","Tepic"
"res_locality_mx_nay_03","base.mx","base.state_mx_nay","03","Tuxpan","Tuxpan"
"res_locality_mx_nay_04","base.mx","base.state_mx_nay","04","Acaponeta","Acaponeta"
"res_locality_mx_nay_05","base.mx","base.state_mx_nay","05","Tecuala","Tecuala"
"res_locality_mx_nay_06","base.mx","base.state_mx_nay","06","Compostela","Compostela"
"res_locality_mx_nay_07","base.mx","base.state_mx_nay","07","Francisco I. Madero (Puga)","Francisco I. Madero (Puga)"
"res_locality_mx_nay_08","base.mx","base.state_mx_nay","08","Villa Hidalgo (El Nuevo)","Villa Hidalgo (El Nuevo)"
"res_locality_mx_nay_09","base.mx","base.state_mx_nay","09","Ruiz","Ruiz"
"res_locality_mx_nay_10","base.mx","base.state_mx_nay","10","San Blas","San Blas"
"res_locality_mx_nay_11","base.mx","base.state_mx_nay","11","Ixtlán del Río","Ixtlán del Río"
"res_locality_mx_nay_12","base.mx","base.state_mx_nay","12","Bucerías","Bucerías"
"res_locality_mx_nay_13","base.mx","base.state_mx_nay","13","Las Varas","Las Varas"
"res_locality_mx_nay_14","base.mx","base.state_mx_nay","14","Xalisco","Xalisco"
"res_locality_mx_nay_15","base.mx","base.state_mx_nay","15","San pedro Lagunillas","San Pedro Lagunillas"
"res_locality_mx_nay_16","base.mx","base.state_mx_nay","16","La peñita de Jaltemba","La peñita de Jaltemba"
"res_locality_mx_nay_17","base.mx","base.state_mx_nay","17","Jala","Jala"
"res_locality_mx_nay_18","base.mx","base.state_mx_nay","18","Ahuacatlán","Ahuacatlán"
"res_locality_mx_nle_01","base.mx","base.state_mx_nl","01","Ciudad Apodaca","Ciudad Apodaca"
"res_locality_mx_nle_02","base.mx","base.state_mx_nl","02","San Pedro Garza García","San Pedro Garza García"
"res_locality_mx_oax_01","base.mx","base.state_mx_oax","01","Juchitán (Juchitán de Zaragoza)","Juchitán (Juchitán de Zaragoza)"
"res_locality_mx_oax_02","base.mx","base.state_mx_oax","02","Oaxaca de Juárez","Oaxaca de Juárez"
"res_locality_mx_pue_01","base.mx","base.state_mx_pue","01","Atlixco","Atlixco"
"res_locality_mx_pue_02","base.mx","base.state_mx_pue","02","Izúcar de Matamoros","Izúcar de Matamoros"
"res_locality_mx_que_01","base.mx","base.state_mx_qro","01","Querétaro","Querétaro"
"res_locality_mx_roo_01","base.mx","base.state_mx_q_roo","01","Cancún","Cancún"
"res_locality_mx_que_02","base.mx","base.state_mx_qro","02","San Juan del Rio","San Juan del Río"
"res_locality_mx_roo_02","base.mx","base.state_mx_q_roo","02","Cozumel","Cozumel"
"res_locality_mx_roo_03","base.mx","base.state_mx_q_roo","03","Felipe Carrillo Puerto","Felipe Carrillo Puerto"
"res_locality_mx_roo_04","base.mx","base.state_mx_q_roo","04","Chetumal","Chetumal"
"res_locality_mx_roo_05","base.mx","base.state_mx_q_roo","05","Playa del Carmen","Playa del Carmen"
"res_locality_mx_roo_06","base.mx","base.state_mx_q_roo","06","Kantunilkín","Kantunilkín"
"res_locality_mx_roo_07","base.mx","base.state_mx_q_roo","07","Isla Mujeres","Isla Mujeres"
"res_locality_mx_roo_08","base.mx","base.state_mx_q_roo","08","Bacalar","Bacalar"
"res_locality_mx_sin_01","base.mx","base.state_mx_sin","01","Los Mochis","Los Mochis"
"res_locality_mx_sin_02","base.mx","base.state_mx_sin","02","Culiacán Rosales","Culiacán Rosales"
"res_locality_mx_sin_03","base.mx","base.state_mx_sin","03","Escuinapa de Hidalgo","Escuinapa de Hidalgo"
"res_locality_mx_sin_04","base.mx","base.state_mx_sin","04","Guasave","Guasave"
"res_locality_mx_sin_05","base.mx","base.state_mx_sin","05","Mazatlán","Mazatlán"
"res_locality_mx_sin_06","base.mx","base.state_mx_sin","06","Guamúchil","Guamúchil"
"res_locality_mx_sin_07","base.mx","base.state_mx_sin","07","Navolato","Navolato"
"res_locality_mx_sin_08","base.mx","base.state_mx_sin","08","Quila","Quila"
"res_locality_mx_sin_09","base.mx","base.state_mx_sin","09","Ahome","Ahome"
"res_locality_mx_sin_10","base.mx","base.state_mx_sin","10","Higuera de Zaragoza","Higuera de Zaragoza"
"res_locality_mx_sin_11","base.mx","base.state_mx_sin","11","Choix","Choix"
"res_locality_mx_sin_12","base.mx","base.state_mx_sin","12","Villa Unión","Villa Unión"
"res_locality_mx_sin_13","base.mx","base.state_mx_sin","13","Sinaloa de Leyva","Sinaloa de Leyva"
"res_locality_mx_sin_14","base.mx","base.state_mx_sin","14","Mocorito","Mocorito"
"res_locality_mx_sin_15","base.mx","base.state_mx_sin","15","Angostura","Angostura"
"res_locality_mx_sin_16","base.mx","base.state_mx_sin","16","San Blas","San Blas"
"res_locality_mx_sin_17","base.mx","base.state_mx_sin","17","La Cruz","La Cruz"
"res_locality_mx_sin_18","base.mx","base.state_mx_sin","18","El rosario","El rosario"
"res_locality_mx_sin_19","base.mx","base.state_mx_sin","19","Estación Naranjo","Estación Naranjo"
"res_locality_mx_sin_20","base.mx","base.state_mx_sin","20","Aguaruto","Aguaruto"
"res_locality_mx_sin_21","base.mx","base.state_mx_sin","21","Cosalá","Cosalá"
"res_locality_mx_sin_22","base.mx","base.state_mx_sin","22","San Ignacio","San Ignacio"
"res_locality_mx_sin_23","base.mx","base.state_mx_sin","23","Topolobampo","Topolobampo"
"res_locality_mx_sin_24","base.mx","base.state_mx_sin","24","Lic. Benito Juárez (Campo Gobierno)","Lic. Benito Juárez (Campo Gobierno)"
"res_locality_mx_slp_01","base.mx","base.state_mx_slp","01","Ciudad Valles","Ciudad Valles"
"res_locality_mx_son_01","base.mx","base.state_mx_son","01","San Luis Río Colorado","San Luis Río Colorado"
"res_locality_mx_tab_01","base.mx","base.state_mx_tab","01","Cárdenas","Cárdenas"
"res_locality_mx_tab_02","base.mx","base.state_mx_tab","02","Villahermosa","Villahermosa"
"res_locality_mx_tab_03","base.mx","base.state_mx_tab","03","Comalcalco","Comalcalco"
"res_locality_mx_tab_04","base.mx","base.state_mx_tab","04","Emiliano Zapata","Emiliano Zapata"
"res_locality_mx_tab_05","base.mx","base.state_mx_tab","05","Jalpa de Méndez","Jalpa de Méndez"
"res_locality_mx_tab_07","base.mx","base.state_mx_tab","07","Macuspana","Macuspana"
"res_locality_mx_tab_08","base.mx","base.state_mx_tab","08","Tenosique de Pino Suárez","Tenosique de Pino Suárez"
"res_locality_mx_tab_09","base.mx","base.state_mx_tab","09","Teapa","Teapa"
"res_locality_mx_tab_10","base.mx","base.state_mx_tab","10","Paraíso","Paraíso"
"res_locality_mx_tab_11","base.mx","base.state_mx_tab","11","Frontera","Frontera"
"res_locality_mx_tab_12","base.mx","base.state_mx_tab","12","Cunduacán","Cunduacán"
"res_locality_mx_tab_13","base.mx","base.state_mx_tab","13","Huimanguillo","Huimanguillo"
"res_locality_mx_tam_01","base.mx","base.state_mx_tamps","01","Altamira","Altamira"
"res_locality_mx_tla_01","base.mx","base.state_mx_tlax","01","Apizaco","Apizaco"
"res_locality_mx_tla_02","base.mx","base.state_mx_tlax","02","Villa Vicente Guerrero","Villa Vicente Guerrero"
"res_locality_mx_tla_03","base.mx","base.state_mx_tlax","03","Tlaxcala (Tlaxcala de Xicotencatl)","Tlaxcala (Tlaxcala de Xicotencatl)"
"res_locality_mx_tla_04","base.mx","base.state_mx_tlax","04","Huamantla","Huamantla"
"res_locality_mx_tla_05","base.mx","base.state_mx_tlax","05","Calpulalpan","Calpulalpan"
"res_locality_mx_tla_06","base.mx","base.state_mx_tlax","06","Chiautempan","Chiautempan"
"res_locality_mx_ver_01","base.mx","base.state_mx_ver","01","Acayucan","Acayucan"
"res_locality_mx_ver_02","base.mx","base.state_mx_ver","02","Naranjos","Naranjos"
"res_locality_mx_ver_03","base.mx","base.state_mx_ver","03","Boca del RÍo","Boca del Río"
"res_locality_mx_ver_04","base.mx","base.state_mx_ver","04","Coatepec","Coatepec"
"res_locality_mx_ver_05","base.mx","base.state_mx_ver","05","Agua dulce","Agua dulce"
"res_locality_mx_ver_06","base.mx","base.state_mx_ver","06","Coatzacoalcos","Coatzacoalcos"
"res_locality_mx_ver_07","base.mx","base.state_mx_ver","07","Córdoba","Córdoba"
"res_locality_mx_ver_08","base.mx","base.state_mx_ver","08","Tres Valles","Tres Valles"
"res_locality_mx_ver_09","base.mx","base.state_mx_ver","09","Jáltipan de Morelos","Jáltipan de Morelos"
"res_locality_mx_ver_10","base.mx","base.state_mx_ver","10","Xalapa-Enríquez","Xalapa-Enríquez"
"res_locality_mx_ver_11","base.mx","base.state_mx_ver","11","Minatitlán","Minatitlán"
"res_locality_mx_ver_12","base.mx","base.state_mx_ver","12","Orizaba","Orizaba"
"res_locality_mx_ver_13","base.mx","base.state_mx_ver","13","Papantla de Olarte","Papantla de Olarte"
"res_locality_mx_ver_14","base.mx","base.state_mx_ver","14","Poza Rica de Hidalgo","Poza Rica de Hidalgo"
"res_locality_mx_ver_15","base.mx","base.state_mx_ver","15","San Andrés Tuxtla","San Andrés Tuxtla"
"res_locality_mx_ver_16","base.mx","base.state_mx_ver","16","Túxpam de Rodríguez Cano","Túxpam de Rodríguez Cano"
"res_locality_mx_ver_17","base.mx","base.state_mx_ver","17","Veracruz","Veracruz"
"res_locality_mx_ver_18","base.mx","base.state_mx_ver","18","Tierra Blanca","Tierra Blanca"
"res_locality_mx_ver_19","base.mx","base.state_mx_ver","19","Cosamaloapan","Cosamaloapan"
"res_locality_mx_ver_20","base.mx","base.state_mx_ver","20","Carlos A. Carrillo","Carlos A. Carrillo"
"res_locality_mx_ver_21","base.mx","base.state_mx_ver","21","Pánuco","Pánuco"
"res_locality_mx_ver_22","base.mx","base.state_mx_ver","22","Tampico Alto","Tampico Alto"
"res_locality_mx_ver_23","base.mx","base.state_mx_ver","23","Tempoal de Sánchez","Tempoal de Sánchez"
"res_locality_mx_ver_24","base.mx","base.state_mx_ver","24","Tantoyuca","Tantoyuca"
"res_locality_mx_ver_25","base.mx","base.state_mx_ver","25","Gutiérrez Zamora","Gutiérrez Zamora"
"res_locality_mx_ver_26","base.mx","base.state_mx_ver","26","Platón Sánchez","Platón Sánchez"
"res_locality_mx_ver_27","base.mx","base.state_mx_ver","27","Juan Rodríguez Clara","Juan Rodríguez Clara"
"res_locality_mx_ver_28","base.mx","base.state_mx_ver","28","Huatusco de Chicuellar","Huatusco de Chicuellar"
"res_locality_mx_ver_29","base.mx","base.state_mx_ver","29","Ixtaczoquitlán","Ixtaczoquitlán"
"res_locality_mx_ver_30","base.mx","base.state_mx_ver","30","Río Blanco","Río Blanco"
"res_locality_mx_ver_31","base.mx","base.state_mx_ver","31","Isla","Isla"
"res_locality_mx_ver_32","base.mx","base.state_mx_ver","32","Cuitláhuac","Cuitláhuac"
"res_locality_mx_ver_33","base.mx","base.state_mx_ver","33","Fortín de las Flores","Fortín de las Flores"
"res_locality_mx_ver_34","base.mx","base.state_mx_ver","34","Alvarado","Alvarado"
"res_locality_mx_ver_35","base.mx","base.state_mx_ver","35","José Cardel","José Cardel"
"res_locality_mx_ver_36","base.mx","base.state_mx_ver","36","Banderilla","Banderilla"
"res_locality_mx_ver_37","base.mx","base.state_mx_ver","37","Paraje Nuevo","Paraje Nuevo"
"res_locality_mx_ver_38","base.mx","base.state_mx_ver","38","Playa Vicente","Playa Vicente"
"res_locality_mx_ver_39","base.mx","base.state_mx_ver","39","Altotonga","Altotonga"
"res_locality_mx_ver_40","base.mx","base.state_mx_ver","40","Juan Díaz Covarrubias","Juan Díaz Covarrubias"
"res_locality_mx_ver_41","base.mx","base.state_mx_ver","41","Cuichapa","Cuichapa"
"res_locality_mx_ver_42","base.mx","base.state_mx_ver","42","Santiago Tuxtla","Santiago Tuxtla"
"res_locality_mx_ver_43","base.mx","base.state_mx_ver","43","Huayacocotla","Huayacocotla"
"res_locality_mx_ver_44","base.mx","base.state_mx_ver","44","Paso de Ovejas","Paso de Ovejas"
"res_locality_mx_ver_45","base.mx","base.state_mx_ver","45","Catemaco","Catemaco"
"res_locality_mx_ver_46","base.mx","base.state_mx_ver","46","Nogales","Nogales"
"res_locality_mx_ver_47","base.mx","base.state_mx_ver","47","Las Choapas","Las Choapas"
"res_locality_mx_ver_48","base.mx","base.state_mx_ver","48","General Miguel Alemán (Potrero Nuevo)","General Miguel Alemán (Potrero Nuevo)"
"res_locality_mx_ver_49","base.mx","base.state_mx_ver","49","Coatzintla","Coatzintla"
"res_locality_mx_ver_50","base.mx","base.state_mx_ver","50","Ángel R. Cabada","Ángel R. Cabada"
"res_locality_mx_ver_51","base.mx","base.state_mx_ver","51","San Rafael","San Rafael"
"res_locality_mx_ver_52","base.mx","base.state_mx_ver","52","Tlacojalpan","Tlacojalpan"
"res_locality_mx_ver_53","base.mx","base.state_mx_ver","53","Cosoleacaque","Cosoleacaque"
"res_locality_mx_ver_54","base.mx","base.state_mx_ver","54","Lerdo de Tejada","Lerdo de Tejada"
"res_locality_mx_ver_55","base.mx","base.state_mx_ver","55","Tihuatlán","Tihuatlán"
"res_locality_mx_ver_56","base.mx","base.state_mx_ver","56","Atoyac","Atoyac"
"res_locality_mx_ver_57","base.mx","base.state_mx_ver","57","Huiloapan de Cuauhtémoc","Huiloapan de Cuauhtémoc"
"res_locality_mx_ver_58","base.mx","base.state_mx_ver","58","Cazones de Herrera","Cazones de Herrera"
"res_locality_mx_ver_59","base.mx","base.state_mx_ver","59","Yecuatla","Yecuatla"
"res_locality_mx_ver_60","base.mx","base.state_mx_ver","60","Soledad de Doblado","Soledad de Doblado"
"res_locality_mx_ver_61","base.mx","base.state_mx_ver","61","Cerro Azul","Cerro Azul"
"res_locality_mx_ver_62","base.mx","base.state_mx_ver","62","Tezonapa","Tezonapa"
"res_locality_mx_ver_66","base.mx","base.state_mx_ver","66","Sihuapan","Sihuapan"
"res_locality_mx_ver_67","base.mx","base.state_mx_ver","67","El Higo","El Higo"
"res_locality_mx_ver_68","base.mx","base.state_mx_ver","68","Paso del Macho","Paso del Macho"
"res_locality_mx_ver_69","base.mx","base.state_mx_ver","69","Tlapacoyan","Tlapacoyan"
"res_locality_mx_yuc_01","base.mx","base.state_mx_yuc","01","Mérida","Mérida"
"res_locality_mx_zac_01","base.mx","base.state_mx_zac","01","Fresnillo","Fresnillo"
"res_locality_mx_zac_02","base.mx","base.state_mx_zac","02","Jerez de García Salinas","Jerez de García Salinas"
"res_locality_mx_zac_03","base.mx","base.state_mx_zac","03","Zacatecas","Zacatecas"
"res_locality_mx_zac_04","base.mx","base.state_mx_zac","04","Guadalupe","Guadalupe"
"res_locality_mx_zac_05","base.mx","base.state_mx_zac","05","Río Grande","Río Grande"
"res_locality_mx_zac_06","base.mx","base.state_mx_zac","06","Ciudad Cuauhtémoc","Ciudad Cuauhtémoc"
"res_locality_mx_zac_07","base.mx","base.state_mx_zac","07","Ojocaliente","Ojocaliente"
"res_locality_mx_zac_08","base.mx","base.state_mx_zac","08","Villa Hidalgo","Villa Hidalgo"
"res_locality_mx_zac_09","base.mx","base.state_mx_zac","09","Villanueva","Villanueva"
"res_locality_mx_zac_10","base.mx","base.state_mx_zac","10","Villa de Cos","Villa de Cos"
"res_locality_mx_zac_11","base.mx","base.state_mx_zac","11","Nochistlán de Mejía","Nochistlán de Mejía"
"res_locality_mx_zac_12","base.mx","base.state_mx_zac","12","Víctor Rosales","Víctor Rosales"
"res_locality_mx_zac_13","base.mx","base.state_mx_zac","13","Valparaíso","Valparaíso"
"res_locality_mx_zac_14","base.mx","base.state_mx_zac","14","Luis Moya","Luis Moya"
"res_locality_mx_zac_15","base.mx","base.state_mx_zac","15","Moyahua de Estrada","Moyahua de Estrada"
"res_locality_mx_zac_16","base.mx","base.state_mx_zac","16","Sombrerete","Sombrerete"
"res_locality_mx_zac_17","base.mx","base.state_mx_zac","17","Jalpa","Jalpa"
"res_locality_mx_zac_18","base.mx","base.state_mx_zac","18","Loreto","Loreto"
"res_locality_mx_zac_19","base.mx","base.state_mx_zac","19","Juan Aldama","Juan Aldama"
